Chimpanzee,Gorilla,Human,Marmoset,Rhesus,index
0.0,62.18002785,64.85882903,57.59057272,57.44366553,Chimpanzee
62.18002785,0.0,50.39953931,49.00435888,54.42111455,Gorilla
64.85882903,50.39953931,0.0,57.15347045,61.36167722,Human
57.59057272,49.00435888,57.15347045,0.0,12.67717216,Marmoset
57.44366553,54.42111455,61.36167722,12.67717216,0.0,Rhesus
