Chimpanzee,Gorilla,Human,Marmoset,Rhesus,index
0.0,55.57710431,42.11806491,47.40797132,46.50737361,Chimpanzee
55.57710431,0.0,58.84645504,51.60039134,52.84325732,Gorilla
42.11806491,58.84645504,0.0,40.23219025,38.84199278,Human
47.40797132,51.60039134,40.23219025,0.0,6.610002826,Marmoset
46.50737361,52.84325732,38.84199278,6.610002826,0.0,Rhesus
